<?xml version="1.0" encoding="utf-8"?>
<ComponentDetails xmlns:xsi="http://www.w3.org/2001/XMLSchema-instance" xmlns:xsd="http://www.w3.org/2001/XMLSchema">
  <Name>AnniversaryUpdates</Name>
  <Description>AnniversaryUpdates</Description>
  <MD5Checksum>73d6eb174469248782aab91fd005f76b</MD5Checksum>
  <SHA1Checksum>4a9c975d55fb476002de50650a5c5e070f57234c</SHA1Checksum>
  <SHA256Checksum>772a575e80ebf7d30e02079eb284c3337d5d582df57b562c773ae4abe225b7e7</SHA256Checksum>
  <SizeInBytes>55947</SizeInBytes>
  <DownloadURL>https://sis.n-able.com/PatchManagement/AnniversaryUpdates.zip</DownloadURL>
  <FileName>AnniversaryUpdates.zip</FileName>
  <Architecture>x86,x64</Architecture>
  <Locale>all</Locale>
  <Version>2020.12.7.13</Version>
</ComponentDetails>