<ComponentDetails xmlns:xsi="http://www.w3.org/2001/XMLSchema-instance" xmlns:xsd="http://www.w3.org/2001/XMLSchema">
  <Name>SecurityUpdates</Name>
  <Description>Meta-data file with Security Only updates for Windows 7/8.1 and related Windows Server versions.</Description>
  <MD5Checksum>5cb2287b9ede544e99bab1334d00c509</MD5Checksum>
  <SHA1Checksum>65aaf54131c6c8d042b653ffeb90ea8d9345b694</SHA1Checksum>
  <SHA256Checksum>98471fa5da0efca99c7e789486ba24399841d0927578d1ae86cc26533afef2ed</SHA256Checksum>
  <SizeInBytes>190796</SizeInBytes>
  <DownloadURL>https://sis.n-able.com/PatchManagement/SecurityUpdates-2020.4.24.4.zip</DownloadURL>
  <FileName>SecurityUpdates-2020.4.24.4.zip</FileName>
  <Architecture>x64,x86</Architecture>
  <Locale>all</Locale>
  <Version>2020.4.24.4</Version>
</ComponentDetails>