<ComponentDetails xmlns:xsi="http://www.w3.org/2001/XMLSchema-instance" xmlns:xsd="http://www.w3.org/2001/XMLSchema">
  <Name>SecurityUpdates</Name>
  <Description>Meta-data file with Security Only updates for Windows 7/8.1 and related Windows Server versions.</Description>
  <MD5Checksum>9aab65b5e4cd671cf26e91e6431dd033</MD5Checksum>
  <SHA1Checksum>5a7f03c2cbdc05a35041dbfbc4429dd103707722</SHA1Checksum>
  <SHA256Checksum>4dbcf26bd836b4b4b95c2d0b47aeb9deb0f58d2a8b75d756658e69c8d309568d</SHA256Checksum>
  <SizeInBytes>278794</SizeInBytes>
  <DownloadURL>https://sis.n-able.com/PatchManagement/SecurityUpdates-2021.10.15.4.zip</DownloadURL>
  <FileName>SecurityUpdates-2021.10.15.4.zip</FileName>
  <Architecture>x64,x86</Architecture>
  <Locale>all</Locale>
  <Version>2021.10.15.4</Version>
</ComponentDetails>